<beans xmlns="http://www.springframework.org/schema/beans"
	xmlns:context="http://www.springframework.org/schema/context"
	xmlns:xsi="http://www.w3.org/2001/XMLSchema-instance" xmlns:mvc="http://www.springframework.org/schema/mvc"
	xsi:schemaLocation="
        http://www.springframework.org/schema/beans     
        http://www.springframework.org/schema/beans/spring-beans-4.0.xsd
        http://www.springframework.org/schema/context 
        http://www.springframework.org/schema/context/spring-context-4.0.xsd
        http://www.springframework.org/schema/mvc
       http://www.springframework.org/schema/mvc/spring-mvc-4.0.xsd">

	<context:component-scan base-package="com.niit.controller" />
	<context:component-scan base-package="com.niit.config" />
	<context:component-scan base-package="com.niit.validator" />

	
	<context:annotation-config />

	
		
		<bean id="multipartResolver" class="org.springframework.web.multipart.commons.CommonsMultipartResolver">
    <property name="maxUploadSize" value="10000000"/>
</bean>
		

	<bean id="viewResolver"
		class="org.springframework.web.servlet.view.InternalResourceViewResolver">
			   <property name="viewClass" value="org.springframework.web.servlet.view.JstlView"/>
		<property name="prefix" value="/WEB-INF/views/" />
		<property name="suffix" value=".jsp" />

	</bean>
	
	<bean id="messageSource" 
    class="org.springframework.context.support.ReloadableResourceBundleMessageSource">
    <property name="basename" value="/resources/resourcebundle/messages" />
    
</bean>


	<mvc:annotation-driven />
	<mvc:resources mapping="/images/**" location="/resources/images/" />
	
	<mvc:resources mapping="/uploadedImages/**" location="C:\\Users\\NIIT_Student\\eclipse-workspace\\.metadata\\.plugins\\org.eclipse.wst.server.core\\tmp0\\wtpwebapps\\frontend\\resources\\images\\" />
	
</beans>

