<?xml version="1.0" encoding="UTF-8"?>
<beans:beans xmlns="http://www.springframework.org/schema/security"
	xmlns:beans="http://www.springframework.org/schema/beans" xmlns:xsi="http://www.w3.org/2001/XMLSchema-instance"
	xsi:schemaLocation="http://www.springframework.org/schema/beans
	http://www.springframework.org/schema/beans/spring-beans-4.2.xsd
	http://www.springframework.org/schema/security
	http://www.springframework.org/schema/security/spring-security-4.2.xsd">
	    
	<http auto-config="true" use-expressions="true">
		<intercept-url pattern="/admin" access="hasRole('ROLE_ADMIN')" />
		<form-login
		    login-page="/login"
		    default-target-url="/admin"
			authentication-failure-url="/access-denied"
			username-parameter="id"
			password-parameter="password"			
			/>
		<logout logout-success-url="/login?logout" />
		<!-- enable csrf protection -->
		<csrf/>

	</http>	 	    
	<authentication-manager>
		<authentication-provider>
			<user-service>
				<user name="67" password="123" authorities="ROLE_ADMIN" />
				<user name="ravi" password="ravi123" authorities="ROLE_ADMIN" />
			</user-service>
		</authentication-provider>
		
	</authentication-manager>
	 
</beans:beans>
